[{"_id":{"$oid":"5664a16c3f000eb6a058796e"},"temperature":49,"turbidity":3,"conductivity":3,"pH":7,"timestamp":"12/6/2015","__v":0},{"_id":{"$oid":"5664a16c3f000eb6a058796f"},"temperature":13,"turbidity":6,"conductivity":6,"pH":6,"timestamp":"12/6/2015","__v":0},{"_id":{"$oid":"5664a16c3f000eb6a0587970"},"temperature":71,"turbidity":1,"conductivity":8,"pH":8,"timestamp":"12/6/2015","__v":0},{"_id":{"$oid":"5664a16c3f000eb6a0587971"},"temperature":39,"turbidity":7,"conductivity":2,"pH":4,"timestamp":"12/6/2015","__v":0},{"_id":{"$oid":"5664a16c3f000eb6a0587972"},"temperature":50,"turbidity":1,"conductivity":1,"pH":7,"timestamp":"12/6/2015","__v":0},{"_id":{"$oid":"5664a16c3f000eb6a0587973"},"temperature":86,"turbidity":1,"conductivity":9,"pH":4,"timestamp":"12/6/2015","__v":0},{"_id":{"$oid":"5664a16c3f000eb6a0587974"},"temperature":16,"turbidity":3,"conductivity":5,"pH":5,"timestamp":"12/6/2015","__v":0},{"_id":{"$oid":"5664a16c3f000eb6a0587975"},"temperature":66,"turbidity":6,"conductivity":8,"pH":7,"timestamp":"12/6/2015","__v":0},{"_id":{"$oid":"5664a16c3f000eb6a0587976"},"temperature":88,"turbidity":5,"conductivity":1,"pH":6,"timestamp":"12/6/2015","__v":0},{"_id":{"$oid":"5664a16c3f000eb6a0587977"},"temperature":45,"turbidity":2,"conductivity":7,"pH":7,"timestamp":"12/6/2015","__v":0},{"_id":{"$oid":"5664a16c3f000eb6a0587978"},"temperature":60,"turbidity":4,"conductivity":5,"pH":7,"timestamp":"12/6/2015","__v":0},{"_id":{"$oid":"5664a16c3f000eb6a0587979"},"temperature":78,"turbidity":5,"conductivity":4,"pH":9,"timestamp":"12/6/2015","__v":0},{"_id":{"$oid":"5664a16c3f000eb6a058797a"},"temperature":10,"turbidity":3,"conductivity":3,"pH":4,"timestamp":"12/6/2015","__v":0},{"_id":{"$oid":"5664a16c3f000eb6a058797b"},"temperature":66,"turbidity":7,"conductivity":8,"pH":8,"timestamp":"12/6/2015","__v":0},{"_id":{"$oid":"5664a16c3f000eb6a058797c"},"temperature":82,"turbidity":6,"conductivity":7,"pH":5,"timestamp":"12/6/2015","__v":0},{"_id":{"$oid":"5664a16c3f000eb6a058797d"},"temperature":47,"turbidity":2,"conductivity":6,"pH":7,"timestamp":"12/6/2015","__v":0},{"_id":{"$oid":"5664a16c3f000eb6a058797e"},"temperature":40,"turbidity":5,"conductivity":10,"pH":7,"timestamp":"12/6/2015","__v":0},{"_id":{"$oid":"5664a16c3f000eb6a058797f"},"temperature":83,"turbidity":7,"conductivity":5,"pH":6,"timestamp":"12/6/2015","__v":0},{"_id":{"$oid":"5664a16c3f000eb6a0587980"},"temperature":10,"turbidity":5,"conductivity":4,"pH":9,"timestamp":"12/6/2015","__v":0},{"_id":{"$oid":"5664a16c3f000eb6a0587981"},"temperature":23,"turbidity":1,"conductivity":4,"pH":7,"timestamp":"12/6/2015","__v":0},{"_id":{"$oid":"5664a16c3f000eb6a0587982"},"temperature":4,"turbidity":3,"conductivity":8,"pH":5,"timestamp":"12/6/2015","__v":0},{"_id":{"$oid":"5664a16c3f000eb6a0587983"},"temperature":80,"turbidity":7,"conductivity":4,"pH":8,"timestamp":"12/6/2015","__v":0},{"_id":{"$oid":"5664a16c3f000eb6a0587984"},"temperature":28,"turbidity":4,"conductivity":6,"pH":6,"timestamp":"12/6/2015","__v":0},{"_id":{"$oid":"5664a16c3f000eb6a0587985"},"temperature":91,"turbidity":1,"conductivity":3,"pH":9,"timestamp":"12/6/2015","__v":0},{"_id":{"$oid":"5664a16c3f000eb6a0587986"},"temperature":37,"turbidity":6,"conductivity":5,"pH":8,"timestamp":"12/6/2015","__v":0},{"_id":{"$oid":"5664a16c3f000eb6a0587987"},"temperature":95,"turbidity":1,"conductivity":7,"pH":7,"timestamp":"12/6/2015","__v":0},{"_id":{"$oid":"5664a16c3f000eb6a0587988"},"temperature":74,"turbidity":5,"conductivity":2,"pH":5,"timestamp":"12/6/2015","__v":0},{"_id":{"$oid":"5664a16c3f000eb6a0587989"},"temperature":69,"turbidity":5,"conductivity":10,"pH":6,"timestamp":"12/6/2015","__v":0},{"_id":{"$oid":"5664a16c3f000eb6a058798a"},"temperature":21,"turbidity":5,"conductivity":10,"pH":9,"timestamp":"12/6/2015","__v":0},{"_id":{"$oid":"5664a16c3f000eb6a058798b"},"temperature":9,"turbidity":5,"conductivity":8,"pH":7,"timestamp":"12/6/2015","__v":0},{"_id":{"$oid":"5664a16c3f000eb6a058798c"},"temperature":100,"turbidity":5,"conductivity":10,"pH":8,"timestamp":"12/6/2015","__v":0},{"_id":{"$oid":"5664a16c3f000eb6a058798d"},"temperature":10,"turbidity":1,"conductivity":4,"pH":5,"timestamp":"12/6/2015","__v":0},{"_id":{"$oid":"5664a16c3f000eb6a058798e"},"temperature":61,"turbidity":7,"conductivity":9,"pH":7,"timestamp":"12/6/2015","__v":0},{"_id":{"$oid":"5664a16c3f000eb6a058798f"},"temperature":25,"turbidity":3,"conductivity":3,"pH":5,"timestamp":"12/6/2015","__v":0},{"_id":{"$oid":"5664a16c3f000eb6a0587990"},"temperature":26,"turbidity":2,"conductivity":5,"pH":6,"timestamp":"12/6/2015","__v":0},{"_id":{"$oid":"5664a1763f000eb6a0587991"},"temperature":27,"turbidity":7,"conductivity":3,"pH":6,"timestamp":"12/6/2015","__v":0},{"_id":{"$oid":"5664a1763f000eb6a0587992"},"temperature":88,"turbidity":2,"conductivity":5,"pH":8,"timestamp":"12/6/2015","__v":0},{"_id":{"$oid":"5664a1763f000eb6a0587993"},"temperature":65,"turbidity":2,"conductivity":7,"pH":5,"timestamp":"12/6/2015","__v":0},{"_id":{"$oid":"5664a1763f000eb6a0587994"},"temperature":28,"turbidity":2,"conductivity":5,"pH":5,"timestamp":"12/6/2015","__v":0},{"_id":{"$oid":"5664a1763f000eb6a0587995"},"temperature":28,"turbidity":2,"conductivity":2,"pH":4,"timestamp":"12/6/2015","__v":0},{"_id":{"$oid":"5664a1763f000eb6a0587996"},"temperature":57,"turbidity":4,"conductivity":1,"pH":4,"timestamp":"12/6/2015","__v":0},{"_id":{"$oid":"5664a1763f000eb6a0587997"},"temperature":78,"turbidity":1,"conductivity":8,"pH":5,"timestamp":"12/6/2015","__v":0},{"_id":{"$oid":"5664a1763f000eb6a0587998"},"temperature":41,"turbidity":6,"conductivity":2,"pH":6,"timestamp":"12/6/2015","__v":0},{"_id":{"$oid":"5664a1763f000eb6a0587999"},"temperature":37,"turbidity":1,"conductivity":8,"pH":8,"timestamp":"12/6/2015","__v":0},{"_id":{"$oid":"5664a1763f000eb6a058799a"},"temperature":16,"turbidity":3,"conductivity":9,"pH":5,"timestamp":"12/6/2015","__v":0},{"_id":{"$oid":"5664a1763f000eb6a058799b"},"temperature":49,"turbidity":2,"conductivity":4,"pH":7,"timestamp":"12/6/2015","__v":0},{"_id":{"$oid":"5664a1763f000eb6a058799c"},"temperature":30,"turbidity":4,"conductivity":7,"pH":9,"timestamp":"12/6/2015","__v":0},{"_id":{"$oid":"5664a1763f000eb6a058799d"},"temperature":16,"turbidity":3,"conductivity":1,"pH":7,"timestamp":"12/6/2015","__v":0},{"_id":{"$oid":"5664a1763f000eb6a058799e"},"temperature":2,"turbidity":4,"conductivity":1,"pH":7,"timestamp":"12/6/2015","__v":0},{"_id":{"$oid":"5664a1763f000eb6a058799f"},"temperature":13,"turbidity":5,"conductivity":5,"pH":8,"timestamp":"12/6/2015","__v":0},{"_id":{"$oid":"5664a1763f000eb6a05879a0"},"temperature":52,"turbidity":3,"conductivity":7,"pH":5,"timestamp":"12/6/2015","__v":0},{"_id":{"$oid":"5664a1763f000eb6a05879a1"},"temperature":90,"turbidity":5,"conductivity":7,"pH":4,"timestamp":"12/6/2015","__v":0},{"_id":{"$oid":"5664a1763f000eb6a05879a2"},"temperature":42,"turbidity":3,"conductivity":7,"pH":9,"timestamp":"12/6/2015","__v":0},{"_id":{"$oid":"5664a1763f000eb6a05879a3"},"temperature":43,"turbidity":4,"conductivity":10,"pH":4,"timestamp":"12/6/2015","__v":0},{"_id":{"$oid":"5664a1763f000eb6a05879a4"},"temperature":9,"turbidity":1,"conductivity":2,"pH":5,"timestamp":"12/6/2015","__v":0},{"_id":{"$oid":"5664a1763f000eb6a05879a5"},"temperature":31,"turbidity":5,"conductivity":9,"pH":8,"timestamp":"12/6/2015","__v":0},{"_id":{"$oid":"5664a1763f000eb6a05879a6"},"temperature":44,"turbidity":3,"conductivity":3,"pH":6,"timestamp":"12/6/2015","__v":0},{"_id":{"$oid":"5664a1763f000eb6a05879a7"},"temperature":81,"turbidity":2,"conductivity":2,"pH":4,"timestamp":"12/6/2015","__v":0},{"_id":{"$oid":"5664a1763f000eb6a05879a8"},"temperature":27,"turbidity":2,"conductivity":10,"pH":5,"timestamp":"12/6/2015","__v":0},{"_id":{"$oid":"5664a1763f000eb6a05879a9"},"temperature":22,"turbidity":1,"conductivity":4,"pH":8,"timestamp":"12/6/2015","__v":0},{"_id":{"$oid":"5664a1763f000eb6a05879aa"},"temperature":62,"turbidity":2,"conductivity":4,"pH":8,"timestamp":"12/6/2015","__v":0},{"_id":{"$oid":"5664a1763f000eb6a05879ab"},"temperature":96,"turbidity":4,"conductivity":8,"pH":4,"timestamp":"12/6/2015","__v":0},{"_id":{"$oid":"5664a1763f000eb6a05879ac"},"temperature":51,"turbidity":6,"conductivity":4,"pH":9,"timestamp":"12/6/2015","__v":0},{"_id":{"$oid":"5664a1763f000eb6a05879ad"},"temperature":23,"turbidity":4,"conductivity":3,"pH":9,"timestamp":"12/6/2015","__v":0},{"_id":{"$oid":"5664a1763f000eb6a05879ae"},"temperature":26,"turbidity":4,"conductivity":10,"pH":9,"timestamp":"12/6/2015","__v":0},{"_id":{"$oid":"5664a1763f000eb6a05879af"},"temperature":6,"turbidity":2,"conductivity":8,"pH":8,"timestamp":"12/6/2015","__v":0},{"_id":{"$oid":"5664a1763f000eb6a05879b0"},"temperature":11,"turbidity":4,"conductivity":1,"pH":7,"timestamp":"12/6/2015","__v":0},{"_id":{"$oid":"5664a1763f000eb6a05879b1"},"temperature":50,"turbidity":5,"conductivity":1,"pH":4,"timestamp":"12/6/2015","__v":0},{"_id":{"$oid":"5664a1763f000eb6a05879b2"},"temperature":26,"turbidity":5,"conductivity":10,"pH":4,"timestamp":"12/6/2015","__v":0},{"_id":{"$oid":"5664a1763f000eb6a05879b3"},"temperature":97,"turbidity":5,"conductivity":1,"pH":8,"timestamp":"12/6/2015","__v":0},{"_id":{"$oid":"5664a1763f000eb6a05879b4"},"temperature":28,"turbidity":3,"conductivity":7,"pH":8,"timestamp":"12/6/2015","__v":0},{"_id":{"$oid":"5664a1763f000eb6a05879b5"},"temperature":48,"turbidity":5,"conductivity":4,"pH":9,"timestamp":"12/6/2015","__v":0},{"_id":{"$oid":"5664a1763f000eb6a05879b6"},"temperature":40,"turbidity":2,"conductivity":2,"pH":9,"timestamp":"12/6/2015","__v":0},{"_id":{"$oid":"5664a1763f000eb6a05879b7"},"temperature":6,"turbidity":2,"conductivity":2,"pH":4,"timestamp":"12/6/2015","__v":0},{"_id":{"$oid":"5664a1763f000eb6a05879b8"},"temperature":50,"turbidity":1,"conductivity":2,"pH":5,"timestamp":"12/6/2015","__v":0},{"_id":{"$oid":"5664a1763f000eb6a05879b9"},"temperature":36,"turbidity":7,"conductivity":2,"pH":9,"timestamp":"12/6/2015","__v":0},{"_id":{"$oid":"5664a1763f000eb6a05879ba"},"temperature":58,"turbidity":6,"conductivity":4,"pH":5,"timestamp":"12/6/2015","__v":0},{"_id":{"$oid":"5664a1763f000eb6a05879bb"},"temperature":35,"turbidity":7,"conductivity":9,"pH":6,"timestamp":"12/6/2015","__v":0},{"_id":{"$oid":"5664a1763f000eb6a05879bc"},"temperature":97,"turbidity":6,"conductivity":8,"pH":6,"timestamp":"12/6/2015","__v":0},{"_id":{"$oid":"5664a1763f000eb6a05879bd"},"temperature":32,"turbidity":1,"conductivity":1,"pH":5,"timestamp":"12/6/2015","__v":0},{"_id":{"$oid":"5664a1763f000eb6a05879be"},"temperature":74,"turbidity":6,"conductivity":4,"pH":5,"timestamp":"12/6/2015","__v":0},{"_id":{"$oid":"5664a1763f000eb6a05879bf"},"temperature":52,"turbidity":3,"conductivity":10,"pH":9,"timestamp":"12/6/2015","__v":0},{"_id":{"$oid":"5664a1763f000eb6a05879c0"},"temperature":1,"turbidity":2,"conductivity":3,"pH":4,"timestamp":"12/6/2015","__v":0},{"_id":{"$oid":"5664a1763f000eb6a05879c1"},"temperature":60,"turbidity":5,"conductivity":8,"pH":8,"timestamp":"12/6/2015","__v":0},{"_id":{"$oid":"5664a1763f000eb6a05879c2"},"temperature":13,"turbidity":2,"conductivity":10,"pH":8,"timestamp":"12/6/2015","__v":0},{"_id":{"$oid":"5664a1763f000eb6a05879c3"},"temperature":42,"turbidity":6,"conductivity":4,"pH":6,"timestamp":"12/6/2015","__v":0},{"_id":{"$oid":"5664a1763f000eb6a05879c4"},"temperature":43,"turbidity":3,"conductivity":1,"pH":8,"timestamp":"12/6/2015","__v":0},{"_id":{"$oid":"5664a1763f000eb6a05879c5"},"temperature":55,"turbidity":5,"conductivity":7,"pH":7,"timestamp":"12/6/2015","__v":0},{"_id":{"$oid":"5664a1763f000eb6a05879c6"},"temperature":66,"turbidity":2,"conductivity":8,"pH":7,"timestamp":"12/6/2015","__v":0},{"_id":{"$oid":"5664a1763f000eb6a05879c7"},"temperature":85,"turbidity":1,"conductivity":7,"pH":4,"timestamp":"12/6/2015","__v":0},{"_id":{"$oid":"5664a1763f000eb6a05879c8"},"temperature":94,"turbidity":5,"conductivity":8,"pH":6,"timestamp":"12/6/2015","__v":0},{"_id":{"$oid":"5664a1763f000eb6a05879c9"},"temperature":38,"turbidity":5,"conductivity":1,"pH":9,"timestamp":"12/6/2015","__v":0},{"_id":{"$oid":"5664a1763f000eb6a05879ca"},"temperature":56,"turbidity":7,"conductivity":7,"pH":5,"timestamp":"12/6/2015","__v":0},{"_id":{"$oid":"5664a1763f000eb6a05879cb"},"temperature":47,"turbidity":1,"conductivity":2,"pH":8,"timestamp":"12/6/2015","__v":0},{"_id":{"$oid":"5664a1763f000eb6a05879cc"},"temperature":53,"turbidity":3,"conductivity":9,"pH":8,"timestamp":"12/6/2015","__v":0},{"_id":{"$oid":"5664a1763f000eb6a05879cd"},"temperature":9,"turbidity":4,"conductivity":5,"pH":6,"timestamp":"12/6/2015","__v":0},{"_id":{"$oid":"5664a1763f000eb6a05879ce"},"temperature":39,"turbidity":7,"conductivity":2,"pH":9,"timestamp":"12/6/2015","__v":0},{"_id":{"$oid":"5664a1763f000eb6a05879cf"},"temperature":75,"turbidity":3,"conductivity":9,"pH":9,"timestamp":"12/6/2015","__v":0},{"_id":{"$oid":"5664a1763f000eb6a05879d0"},"temperature":34,"turbidity":7,"conductivity":4,"pH":9,"timestamp":"12/6/2015","__v":0},{"_id":{"$oid":"5664a1763f000eb6a05879d1"},"temperature":29,"turbidity":7,"conductivity":9,"pH":6,"timestamp":"12/6/2015","__v":0},{"_id":{"$oid":"5664a1763f000eb6a05879d2"},"temperature":34,"turbidity":2,"conductivity":2,"pH":4,"timestamp":"12/6/2015","__v":0},{"_id":{"$oid":"5664a1763f000eb6a05879d3"},"temperature":17,"turbidity":4,"conductivity":7,"pH":4,"timestamp":"12/6/2015","__v":0},{"_id":{"$oid":"5664a1763f000eb6a05879d4"},"temperature":21,"turbidity":3,"conductivity":8,"pH":4,"timestamp":"12/6/2015","__v":0},{"_id":{"$oid":"5664a1763f000eb6a05879d5"},"temperature":57,"turbidity":5,"conductivity":5,"pH":8,"timestamp":"12/6/2015","__v":0},{"_id":{"$oid":"5664a1763f000eb6a05879d6"},"temperature":6,"turbidity":7,"conductivity":10,"pH":7,"timestamp":"12/6/2015","__v":0},{"_id":{"$oid":"5664a1763f000eb6a05879d7"},"temperature":86,"turbidity":3,"conductivity":8,"pH":6,"timestamp":"12/6/2015","__v":0},{"_id":{"$oid":"5664a1763f000eb6a05879d8"},"temperature":74,"turbidity":4,"conductivity":6,"pH":4,"timestamp":"12/6/2015","__v":0},{"_id":{"$oid":"5664a1763f000eb6a05879d9"},"temperature":69,"turbidity":5,"conductivity":10,"pH":4,"timestamp":"12/6/2015","__v":0},{"_id":{"$oid":"5664a1763f000eb6a05879da"},"temperature":15,"turbidity":1,"conductivity":2,"pH":6,"timestamp":"12/6/2015","__v":0},{"_id":{"$oid":"5664a1763f000eb6a05879db"},"temperature":27,"turbidity":3,"conductivity":7,"pH":5,"timestamp":"12/6/2015","__v":0},{"_id":{"$oid":"5664a1763f000eb6a05879dc"},"temperature":96,"turbidity":2,"conductivity":5,"pH":7,"timestamp":"12/6/2015","__v":0},{"_id":{"$oid":"5664a1763f000eb6a05879dd"},"temperature":49,"turbidity":3,"conductivity":3,"pH":7,"timestamp":"12/6/2015","__v":0},{"_id":{"$oid":"5664a1763f000eb6a05879de"},"temperature":13,"turbidity":6,"conductivity":6,"pH":6,"timestamp":"12/6/2015","__v":0},{"_id":{"$oid":"5664a1763f000eb6a05879df"},"temperature":71,"turbidity":1,"conductivity":8,"pH":8,"timestamp":"12/6/2015","__v":0},{"_id":{"$oid":"5664a1763f000eb6a05879e0"},"temperature":39,"turbidity":7,"conductivity":2,"pH":4,"timestamp":"12/6/2015","__v":0},{"_id":{"$oid":"5664a1763f000eb6a05879e1"},"temperature":50,"turbidity":1,"conductivity":1,"pH":7,"timestamp":"12/6/2015","__v":0},{"_id":{"$oid":"5664a1763f000eb6a05879e2"},"temperature":86,"turbidity":1,"conductivity":9,"pH":4,"timestamp":"12/6/2015","__v":0},{"_id":{"$oid":"5664a1763f000eb6a05879e3"},"temperature":16,"turbidity":3,"conductivity":5,"pH":5,"timestamp":"12/6/2015","__v":0},{"_id":{"$oid":"5664a1763f000eb6a05879e4"},"temperature":66,"turbidity":6,"conductivity":8,"pH":7,"timestamp":"12/6/2015","__v":0},{"_id":{"$oid":"5664a1763f000eb6a05879e5"},"temperature":88,"turbidity":5,"conductivity":1,"pH":6,"timestamp":"12/6/2015","__v":0},{"_id":{"$oid":"5664a1763f000eb6a05879e6"},"temperature":45,"turbidity":2,"conductivity":7,"pH":7,"timestamp":"12/6/2015","__v":0},{"_id":{"$oid":"5664a1763f000eb6a05879e7"},"temperature":60,"turbidity":4,"conductivity":5,"pH":7,"timestamp":"12/6/2015","__v":0},{"_id":{"$oid":"5664a1763f000eb6a05879e8"},"temperature":78,"turbidity":5,"conductivity":4,"pH":9,"timestamp":"12/6/2015","__v":0},{"_id":{"$oid":"5664a1763f000eb6a05879e9"},"temperature":10,"turbidity":3,"conductivity":3,"pH":4,"timestamp":"12/6/2015","__v":0},{"_id":{"$oid":"5664a1763f000eb6a05879ea"},"temperature":66,"turbidity":7,"conductivity":8,"pH":8,"timestamp":"12/6/2015","__v":0},{"_id":{"$oid":"5664a1763f000eb6a05879eb"},"temperature":82,"turbidity":6,"conductivity":7,"pH":5,"timestamp":"12/6/2015","__v":0},{"_id":{"$oid":"5664a1763f000eb6a05879ec"},"temperature":47,"turbidity":2,"conductivity":6,"pH":7,"timestamp":"12/6/2015","__v":0},{"_id":{"$oid":"5664a1763f000eb6a05879ed"},"temperature":40,"turbidity":5,"conductivity":10,"pH":7,"timestamp":"12/6/2015","__v":0},{"_id":{"$oid":"5664a1763f000eb6a05879ee"},"temperature":83,"turbidity":7,"conductivity":5,"pH":6,"timestamp":"12/6/2015","__v":0},{"_id":{"$oid":"5664a1763f000eb6a05879ef"},"temperature":10,"turbidity":5,"conductivity":4,"pH":9,"timestamp":"12/6/2015","__v":0},{"_id":{"$oid":"5664a1763f000eb6a05879f0"},"temperature":23,"turbidity":1,"conductivity":4,"pH":7,"timestamp":"12/6/2015","__v":0},{"_id":{"$oid":"5664a1763f000eb6a05879f1"},"temperature":4,"turbidity":3,"conductivity":8,"pH":5,"timestamp":"12/6/2015","__v":0},{"_id":{"$oid":"5664a1763f000eb6a05879f2"},"temperature":80,"turbidity":7,"conductivity":4,"pH":8,"timestamp":"12/6/2015","__v":0},{"_id":{"$oid":"5664a1763f000eb6a05879f3"},"temperature":28,"turbidity":4,"conductivity":6,"pH":6,"timestamp":"12/6/2015","__v":0},{"_id":{"$oid":"5664a1763f000eb6a05879f4"},"temperature":91,"turbidity":1,"conductivity":3,"pH":9,"timestamp":"12/6/2015","__v":0},{"_id":{"$oid":"5664a1763f000eb6a05879f5"},"temperature":37,"turbidity":6,"conductivity":5,"pH":8,"timestamp":"12/6/2015","__v":0},{"_id":{"$oid":"5664a1763f000eb6a05879f6"},"temperature":95,"turbidity":1,"conductivity":7,"pH":7,"timestamp":"12/6/2015","__v":0},{"_id":{"$oid":"5664a1763f000eb6a05879f7"},"temperature":74,"turbidity":5,"conductivity":2,"pH":5,"timestamp":"12/6/2015","__v":0},{"_id":{"$oid":"5664a1763f000eb6a05879f8"},"temperature":69,"turbidity":5,"conductivity":10,"pH":6,"timestamp":"12/6/2015","__v":0},{"_id":{"$oid":"5664a1763f000eb6a05879f9"},"temperature":21,"turbidity":5,"conductivity":10,"pH":9,"timestamp":"12/6/2015","__v":0},{"_id":{"$oid":"5664a1763f000eb6a05879fa"},"temperature":9,"turbidity":5,"conductivity":8,"pH":7,"timestamp":"12/6/2015","__v":0},{"_id":{"$oid":"5664a1763f000eb6a05879fb"},"temperature":100,"turbidity":5,"conductivity":10,"pH":8,"timestamp":"12/6/2015","__v":0},{"_id":{"$oid":"5664a1763f000eb6a05879fc"},"temperature":10,"turbidity":1,"conductivity":4,"pH":5,"timestamp":"12/6/2015","__v":0},{"_id":{"$oid":"5664a1763f000eb6a05879fd"},"temperature":61,"turbidity":7,"conductivity":9,"pH":7,"timestamp":"12/6/2015","__v":0},{"_id":{"$oid":"5664a1763f000eb6a05879fe"},"temperature":25,"turbidity":3,"conductivity":3,"pH":5,"timestamp":"12/6/2015","__v":0},{"_id":{"$oid":"5664a1763f000eb6a05879ff"},"temperature":26,"turbidity":2,"conductivity":5,"pH":6,"timestamp":"12/6/2015","__v":0},{"_id":{"$oid":"5664a1763f000eb6a0587a00"},"temperature":30,"turbidity":7,"conductivity":5,"pH":9,"timestamp":"12/6/2015","__v":0},{"_id":{"$oid":"5664a1763f000eb6a0587a01"},"temperature":33,"turbidity":1,"conductivity":9,"pH":6,"timestamp":"12/6/2015","__v":0},{"_id":{"$oid":"5664a1763f000eb6a0587a02"},"temperature":42,"turbidity":3,"conductivity":5,"pH":5,"timestamp":"12/6/2015","__v":0},{"_id":{"$oid":"5664a1763f000eb6a0587a03"},"temperature":71,"turbidity":1,"conductivity":7,"pH":4,"timestamp":"12/6/2015","__v":0},{"_id":{"$oid":"5664a1763f000eb6a0587a04"},"temperature":10,"turbidity":7,"conductivity":6,"pH":8,"timestamp":"12/6/2015","__v":0},{"_id":{"$oid":"5664a1763f000eb6a0587a05"},"temperature":21,"turbidity":4,"conductivity":8,"pH":5,"timestamp":"12/6/2015","__v":0},{"_id":{"$oid":"5664a1763f000eb6a0587a06"},"temperature":99,"turbidity":6,"conductivity":10,"pH":5,"timestamp":"12/6/2015","__v":0},{"_id":{"$oid":"5664a1863f000eb6a0587a07"},"temperature":27,"turbidity":7,"conductivity":3,"pH":6,"timestamp":"12/6/2015","__v":0},{"_id":{"$oid":"5664a1863f000eb6a0587a08"},"temperature":88,"turbidity":2,"conductivity":5,"pH":8,"timestamp":"12/6/2015","__v":0},{"_id":{"$oid":"5664a1863f000eb6a0587a09"},"temperature":65,"turbidity":2,"conductivity":7,"pH":5,"timestamp":"12/6/2015","__v":0},{"_id":{"$oid":"5664a1863f000eb6a0587a0a"},"temperature":28,"turbidity":2,"conductivity":5,"pH":5,"timestamp":"12/6/2015","__v":0},{"_id":{"$oid":"5664a1863f000eb6a0587a0b"},"temperature":28,"turbidity":2,"conductivity":2,"pH":4,"timestamp":"12/6/2015","__v":0},{"_id":{"$oid":"5664a1863f000eb6a0587a0c"},"temperature":57,"turbidity":4,"conductivity":1,"pH":4,"timestamp":"12/6/2015","__v":0},{"_id":{"$oid":"5664a1863f000eb6a0587a0d"},"temperature":78,"turbidity":1,"conductivity":8,"pH":5,"timestamp":"12/6/2015","__v":0},{"_id":{"$oid":"5664a1863f000eb6a0587a0e"},"temperature":41,"turbidity":6,"conductivity":2,"pH":6,"timestamp":"12/6/2015","__v":0},{"_id":{"$oid":"5664a1863f000eb6a0587a0f"},"temperature":37,"turbidity":1,"conductivity":8,"pH":8,"timestamp":"12/6/2015","__v":0},{"_id":{"$oid":"5664a1863f000eb6a0587a10"},"temperature":16,"turbidity":3,"conductivity":9,"pH":5,"timestamp":"12/6/2015","__v":0},{"_id":{"$oid":"5664a1863f000eb6a0587a11"},"temperature":49,"turbidity":2,"conductivity":4,"pH":7,"timestamp":"12/6/2015","__v":0},{"_id":{"$oid":"5664a1863f000eb6a0587a12"},"temperature":30,"turbidity":4,"conductivity":7,"pH":9,"timestamp":"12/6/2015","__v":0},{"_id":{"$oid":"5664a1863f000eb6a0587a13"},"temperature":16,"turbidity":3,"conductivity":1,"pH":7,"timestamp":"12/6/2015","__v":0},{"_id":{"$oid":"5664a1863f000eb6a0587a14"},"temperature":2,"turbidity":4,"conductivity":1,"pH":7,"timestamp":"12/6/2015","__v":0},{"_id":{"$oid":"5664a1863f000eb6a0587a15"},"temperature":13,"turbidity":5,"conductivity":5,"pH":8,"timestamp":"12/6/2015","__v":0},{"_id":{"$oid":"5664a1863f000eb6a0587a16"},"temperature":52,"turbidity":3,"conductivity":7,"pH":5,"timestamp":"12/6/2015","__v":0},{"_id":{"$oid":"5664a1863f000eb6a0587a17"},"temperature":90,"turbidity":5,"conductivity":7,"pH":4,"timestamp":"12/6/2015","__v":0},{"_id":{"$oid":"5664a1863f000eb6a0587a18"},"temperature":42,"turbidity":3,"conductivity":7,"pH":9,"timestamp":"12/6/2015","__v":0},{"_id":{"$oid":"5664a1863f000eb6a0587a19"},"temperature":43,"turbidity":4,"conductivity":10,"pH":4,"timestamp":"12/6/2015","__v":0},{"_id":{"$oid":"5664a1863f000eb6a0587a1a"},"temperature":9,"turbidity":1,"conductivity":2,"pH":5,"timestamp":"12/6/2015","__v":0},{"_id":{"$oid":"5664a1863f000eb6a0587a1b"},"temperature":31,"turbidity":5,"conductivity":9,"pH":8,"timestamp":"12/6/2015","__v":0},{"_id":{"$oid":"5664a1863f000eb6a0587a1c"},"temperature":44,"turbidity":3,"conductivity":3,"pH":6,"timestamp":"12/6/2015","__v":0},{"_id":{"$oid":"5664a1863f000eb6a0587a1d"},"temperature":81,"turbidity":2,"conductivity":2,"pH":4,"timestamp":"12/6/2015","__v":0},{"_id":{"$oid":"5664a1863f000eb6a0587a1e"},"temperature":27,"turbidity":2,"conductivity":10,"pH":5,"timestamp":"12/6/2015","__v":0},{"_id":{"$oid":"5664a1863f000eb6a0587a1f"},"temperature":22,"turbidity":1,"conductivity":4,"pH":8,"timestamp":"12/6/2015","__v":0},{"_id":{"$oid":"5664a1863f000eb6a0587a20"},"temperature":62,"turbidity":2,"conductivity":4,"pH":8,"timestamp":"12/6/2015","__v":0},{"_id":{"$oid":"5664a1863f000eb6a0587a21"},"temperature":96,"turbidity":4,"conductivity":8,"pH":4,"timestamp":"12/6/2015","__v":0},{"_id":{"$oid":"5664a1863f000eb6a0587a22"},"temperature":51,"turbidity":6,"conductivity":4,"pH":9,"timestamp":"12/6/2015","__v":0},{"_id":{"$oid":"5664a1863f000eb6a0587a23"},"temperature":23,"turbidity":4,"conductivity":3,"pH":9,"timestamp":"12/6/2015","__v":0},{"_id":{"$oid":"5664a1863f000eb6a0587a24"},"temperature":26,"turbidity":4,"conductivity":10,"pH":9,"timestamp":"12/6/2015","__v":0},{"_id":{"$oid":"5664a1863f000eb6a0587a25"},"temperature":6,"turbidity":2,"conductivity":8,"pH":8,"timestamp":"12/6/2015","__v":0},{"_id":{"$oid":"5664a1863f000eb6a0587a26"},"temperature":11,"turbidity":4,"conductivity":1,"pH":7,"timestamp":"12/6/2015","__v":0},{"_id":{"$oid":"5664a1863f000eb6a0587a27"},"temperature":50,"turbidity":5,"conductivity":1,"pH":4,"timestamp":"12/6/2015","__v":0},{"_id":{"$oid":"5664a1863f000eb6a0587a28"},"temperature":26,"turbidity":5,"conductivity":10,"pH":4,"timestamp":"12/6/2015","__v":0},{"_id":{"$oid":"5664a1863f000eb6a0587a29"},"temperature":97,"turbidity":5,"conductivity":1,"pH":8,"timestamp":"12/6/2015","__v":0},{"_id":{"$oid":"5664a1863f000eb6a0587a2a"},"temperature":28,"turbidity":3,"conductivity":7,"pH":8,"timestamp":"12/6/2015","__v":0},{"_id":{"$oid":"5664a1863f000eb6a0587a2b"},"temperature":48,"turbidity":5,"conductivity":4,"pH":9,"timestamp":"12/6/2015","__v":0},{"_id":{"$oid":"5664a1863f000eb6a0587a2c"},"temperature":40,"turbidity":2,"conductivity":2,"pH":9,"timestamp":"12/6/2015","__v":0},{"_id":{"$oid":"5664a1863f000eb6a0587a2d"},"temperature":6,"turbidity":2,"conductivity":2,"pH":4,"timestamp":"12/6/2015","__v":0},{"_id":{"$oid":"5664a1863f000eb6a0587a2e"},"temperature":50,"turbidity":1,"conductivity":2,"pH":5,"timestamp":"12/6/2015","__v":0},{"_id":{"$oid":"5664a1863f000eb6a0587a2f"},"temperature":36,"turbidity":7,"conductivity":2,"pH":9,"timestamp":"12/6/2015","__v":0},{"_id":{"$oid":"5664a1863f000eb6a0587a30"},"temperature":58,"turbidity":6,"conductivity":4,"pH":5,"timestamp":"12/6/2015","__v":0},{"_id":{"$oid":"5664a1863f000eb6a0587a31"},"temperature":35,"turbidity":7,"conductivity":9,"pH":6,"timestamp":"12/6/2015","__v":0},{"_id":{"$oid":"5664a1863f000eb6a0587a32"},"temperature":97,"turbidity":6,"conductivity":8,"pH":6,"timestamp":"12/6/2015","__v":0},{"_id":{"$oid":"5664a1863f000eb6a0587a33"},"temperature":32,"turbidity":1,"conductivity":1,"pH":5,"timestamp":"12/6/2015","__v":0},{"_id":{"$oid":"5664a1863f000eb6a0587a34"},"temperature":74,"turbidity":6,"conductivity":4,"pH":5,"timestamp":"12/6/2015","__v":0},{"_id":{"$oid":"5664a1863f000eb6a0587a35"},"temperature":52,"turbidity":3,"conductivity":10,"pH":9,"timestamp":"12/6/2015","__v":0},{"_id":{"$oid":"5664a1863f000eb6a0587a36"},"temperature":1,"turbidity":2,"conductivity":3,"pH":4,"timestamp":"12/6/2015","__v":0},{"_id":{"$oid":"5664a1863f000eb6a0587a37"},"temperature":60,"turbidity":5,"conductivity":8,"pH":8,"timestamp":"12/6/2015","__v":0},{"_id":{"$oid":"5664a1863f000eb6a0587a38"},"temperature":13,"turbidity":2,"conductivity":10,"pH":8,"timestamp":"12/6/2015","__v":0},{"_id":{"$oid":"5664a1863f000eb6a0587a39"},"temperature":42,"turbidity":6,"conductivity":4,"pH":6,"timestamp":"12/6/2015","__v":0},{"_id":{"$oid":"5664a1863f000eb6a0587a3a"},"temperature":43,"turbidity":3,"conductivity":1,"pH":8,"timestamp":"12/6/2015","__v":0},{"_id":{"$oid":"5664a1863f000eb6a0587a3b"},"temperature":55,"turbidity":5,"conductivity":7,"pH":7,"timestamp":"12/6/2015","__v":0},{"_id":{"$oid":"5664a1863f000eb6a0587a3c"},"temperature":66,"turbidity":2,"conductivity":8,"pH":7,"timestamp":"12/6/2015","__v":0},{"_id":{"$oid":"5664a1863f000eb6a0587a3d"},"temperature":85,"turbidity":1,"conductivity":7,"pH":4,"timestamp":"12/6/2015","__v":0},{"_id":{"$oid":"5664a1863f000eb6a0587a3e"},"temperature":94,"turbidity":5,"conductivity":8,"pH":6,"timestamp":"12/6/2015","__v":0},{"_id":{"$oid":"5664a1863f000eb6a0587a3f"},"temperature":38,"turbidity":5,"conductivity":1,"pH":9,"timestamp":"12/6/2015","__v":0},{"_id":{"$oid":"5664a1863f000eb6a0587a40"},"temperature":56,"turbidity":7,"conductivity":7,"pH":5,"timestamp":"12/6/2015","__v":0},{"_id":{"$oid":"5664a1863f000eb6a0587a41"},"temperature":47,"turbidity":1,"conductivity":2,"pH":8,"timestamp":"12/6/2015","__v":0},{"_id":{"$oid":"5664a1863f000eb6a0587a42"},"temperature":53,"turbidity":3,"conductivity":9,"pH":8,"timestamp":"12/6/2015","__v":0},{"_id":{"$oid":"5664a1863f000eb6a0587a43"},"temperature":9,"turbidity":4,"conductivity":5,"pH":6,"timestamp":"12/6/2015","__v":0},{"_id":{"$oid":"5664a1863f000eb6a0587a44"},"temperature":39,"turbidity":7,"conductivity":2,"pH":9,"timestamp":"12/6/2015","__v":0},{"_id":{"$oid":"5664a1863f000eb6a0587a45"},"temperature":75,"turbidity":3,"conductivity":9,"pH":9,"timestamp":"12/6/2015","__v":0},{"_id":{"$oid":"5664a1863f000eb6a0587a46"},"temperature":34,"turbidity":7,"conductivity":4,"pH":9,"timestamp":"12/6/2015","__v":0},{"_id":{"$oid":"5664a1863f000eb6a0587a47"},"temperature":29,"turbidity":7,"conductivity":9,"pH":6,"timestamp":"12/6/2015","__v":0},{"_id":{"$oid":"5664a1863f000eb6a0587a48"},"temperature":34,"turbidity":2,"conductivity":2,"pH":4,"timestamp":"12/6/2015","__v":0},{"_id":{"$oid":"5664a1863f000eb6a0587a49"},"temperature":17,"turbidity":4,"conductivity":7,"pH":4,"timestamp":"12/6/2015","__v":0},{"_id":{"$oid":"5664a1863f000eb6a0587a4a"},"temperature":21,"turbidity":3,"conductivity":8,"pH":4,"timestamp":"12/6/2015","__v":0},{"_id":{"$oid":"5664a1863f000eb6a0587a4b"},"temperature":57,"turbidity":5,"conductivity":5,"pH":8,"timestamp":"12/6/2015","__v":0},{"_id":{"$oid":"5664a1863f000eb6a0587a4c"},"temperature":6,"turbidity":7,"conductivity":10,"pH":7,"timestamp":"12/6/2015","__v":0},{"_id":{"$oid":"5664a1863f000eb6a0587a4d"},"temperature":86,"turbidity":3,"conductivity":8,"pH":6,"timestamp":"12/6/2015","__v":0},{"_id":{"$oid":"5664a1863f000eb6a0587a4e"},"temperature":74,"turbidity":4,"conductivity":6,"pH":4,"timestamp":"12/6/2015","__v":0},{"_id":{"$oid":"5664a1863f000eb6a0587a4f"},"temperature":69,"turbidity":5,"conductivity":10,"pH":4,"timestamp":"12/6/2015","__v":0},{"_id":{"$oid":"5664a1863f000eb6a0587a50"},"temperature":15,"turbidity":1,"conductivity":2,"pH":6,"timestamp":"12/6/2015","__v":0},{"_id":{"$oid":"5664a1863f000eb6a0587a51"},"temperature":27,"turbidity":3,"conductivity":7,"pH":5,"timestamp":"12/6/2015","__v":0},{"_id":{"$oid":"5664a1863f000eb6a0587a52"},"temperature":96,"turbidity":2,"conductivity":5,"pH":7,"timestamp":"12/6/2015","__v":0},{"_id":{"$oid":"5664a1863f000eb6a0587a53"},"temperature":49,"turbidity":3,"conductivity":3,"pH":7,"timestamp":"12/6/2015","__v":0},{"_id":{"$oid":"5664a1863f000eb6a0587a54"},"temperature":13,"turbidity":6,"conductivity":6,"pH":6,"timestamp":"12/6/2015","__v":0},{"_id":{"$oid":"5664a1863f000eb6a0587a55"},"temperature":71,"turbidity":1,"conductivity":8,"pH":8,"timestamp":"12/6/2015","__v":0},{"_id":{"$oid":"5664a1863f000eb6a0587a56"},"temperature":39,"turbidity":7,"conductivity":2,"pH":4,"timestamp":"12/6/2015","__v":0},{"_id":{"$oid":"5664a1863f000eb6a0587a57"},"temperature":50,"turbidity":1,"conductivity":1,"pH":7,"timestamp":"12/6/2015","__v":0},{"_id":{"$oid":"5664a1863f000eb6a0587a58"},"temperature":86,"turbidity":1,"conductivity":9,"pH":4,"timestamp":"12/6/2015","__v":0},{"_id":{"$oid":"5664a1863f000eb6a0587a59"},"temperature":16,"turbidity":3,"conductivity":5,"pH":5,"timestamp":"12/6/2015","__v":0},{"_id":{"$oid":"5664a1863f000eb6a0587a5a"},"temperature":66,"turbidity":6,"conductivity":8,"pH":7,"timestamp":"12/6/2015","__v":0},{"_id":{"$oid":"5664a1863f000eb6a0587a5b"},"temperature":88,"turbidity":5,"conductivity":1,"pH":6,"timestamp":"12/6/2015","__v":0},{"_id":{"$oid":"5664a1863f000eb6a0587a5c"},"temperature":45,"turbidity":2,"conductivity":7,"pH":7,"timestamp":"12/6/2015","__v":0},{"_id":{"$oid":"5664a1863f000eb6a0587a5d"},"temperature":60,"turbidity":4,"conductivity":5,"pH":7,"timestamp":"12/6/2015","__v":0},{"_id":{"$oid":"5664a1863f000eb6a0587a5e"},"temperature":78,"turbidity":5,"conductivity":4,"pH":9,"timestamp":"12/6/2015","__v":0},{"_id":{"$oid":"5664a1863f000eb6a0587a5f"},"temperature":10,"turbidity":3,"conductivity":3,"pH":4,"timestamp":"12/6/2015","__v":0},{"_id":{"$oid":"5664a1863f000eb6a0587a60"},"temperature":66,"turbidity":7,"conductivity":8,"pH":8,"timestamp":"12/6/2015","__v":0},{"_id":{"$oid":"5664a1863f000eb6a0587a61"},"temperature":82,"turbidity":6,"conductivity":7,"pH":5,"timestamp":"12/6/2015","__v":0},{"_id":{"$oid":"5664a1863f000eb6a0587a62"},"temperature":47,"turbidity":2,"conductivity":6,"pH":7,"timestamp":"12/6/2015","__v":0},{"_id":{"$oid":"5664a1863f000eb6a0587a63"},"temperature":40,"turbidity":5,"conductivity":10,"pH":7,"timestamp":"12/6/2015","__v":0},{"_id":{"$oid":"5664a1863f000eb6a0587a64"},"temperature":83,"turbidity":7,"conductivity":5,"pH":6,"timestamp":"12/6/2015","__v":0},{"_id":{"$oid":"5664a1863f000eb6a0587a65"},"temperature":10,"turbidity":5,"conductivity":4,"pH":9,"timestamp":"12/6/2015","__v":0},{"_id":{"$oid":"5664a1863f000eb6a0587a66"},"temperature":23,"turbidity":1,"conductivity":4,"pH":7,"timestamp":"12/6/2015","__v":0},{"_id":{"$oid":"5664a1863f000eb6a0587a67"},"temperature":4,"turbidity":3,"conductivity":8,"pH":5,"timestamp":"12/6/2015","__v":0},{"_id":{"$oid":"5664a1863f000eb6a0587a68"},"temperature":80,"turbidity":7,"conductivity":4,"pH":8,"timestamp":"12/6/2015","__v":0},{"_id":{"$oid":"5664a1863f000eb6a0587a69"},"temperature":28,"turbidity":4,"conductivity":6,"pH":6,"timestamp":"12/6/2015","__v":0},{"_id":{"$oid":"5664a1863f000eb6a0587a6a"},"temperature":91,"turbidity":1,"conductivity":3,"pH":9,"timestamp":"12/6/2015","__v":0},{"_id":{"$oid":"5664a1863f000eb6a0587a6b"},"temperature":37,"turbidity":6,"conductivity":5,"pH":8,"timestamp":"12/6/2015","__v":0},{"_id":{"$oid":"5664a1863f000eb6a0587a6c"},"temperature":95,"turbidity":1,"conductivity":7,"pH":7,"timestamp":"12/6/2015","__v":0},{"_id":{"$oid":"5664a1863f000eb6a0587a6d"},"temperature":74,"turbidity":5,"conductivity":2,"pH":5,"timestamp":"12/6/2015","__v":0},{"_id":{"$oid":"5664a1863f000eb6a0587a6e"},"temperature":69,"turbidity":5,"conductivity":10,"pH":6,"timestamp":"12/6/2015","__v":0},{"_id":{"$oid":"5664a1863f000eb6a0587a6f"},"temperature":21,"turbidity":5,"conductivity":10,"pH":9,"timestamp":"12/6/2015","__v":0},{"_id":{"$oid":"5664a1863f000eb6a0587a70"},"temperature":9,"turbidity":5,"conductivity":8,"pH":7,"timestamp":"12/6/2015","__v":0},{"_id":{"$oid":"5664a1863f000eb6a0587a71"},"temperature":100,"turbidity":5,"conductivity":10,"pH":8,"timestamp":"12/6/2015","__v":0},{"_id":{"$oid":"5664a1863f000eb6a0587a72"},"temperature":10,"turbidity":1,"conductivity":4,"pH":5,"timestamp":"12/6/2015","__v":0},{"_id":{"$oid":"5664a1863f000eb6a0587a73"},"temperature":61,"turbidity":7,"conductivity":9,"pH":7,"timestamp":"12/6/2015","__v":0},{"_id":{"$oid":"5664a1863f000eb6a0587a74"},"temperature":25,"turbidity":3,"conductivity":3,"pH":5,"timestamp":"12/6/2015","__v":0},{"_id":{"$oid":"5664a1863f000eb6a0587a75"},"temperature":26,"turbidity":2,"conductivity":5,"pH":6,"timestamp":"12/6/2015","__v":0},{"_id":{"$oid":"5664a1863f000eb6a0587a76"},"temperature":30,"turbidity":7,"conductivity":5,"pH":9,"timestamp":"12/6/2015","__v":0},{"_id":{"$oid":"5664a1863f000eb6a0587a77"},"temperature":33,"turbidity":1,"conductivity":9,"pH":6,"timestamp":"12/6/2015","__v":0},{"_id":{"$oid":"5664a1863f000eb6a0587a78"},"temperature":42,"turbidity":3,"conductivity":5,"pH":5,"timestamp":"12/6/2015","__v":0},{"_id":{"$oid":"5664a1863f000eb6a0587a79"},"temperature":71,"turbidity":1,"conductivity":7,"pH":4,"timestamp":"12/6/2015","__v":0},{"_id":{"$oid":"5664a1863f000eb6a0587a7a"},"temperature":10,"turbidity":7,"conductivity":6,"pH":8,"timestamp":"12/6/2015","__v":0},{"_id":{"$oid":"5664a1863f000eb6a0587a7b"},"temperature":21,"turbidity":4,"conductivity":8,"pH":5,"timestamp":"12/6/2015","__v":0},{"_id":{"$oid":"5664a1863f000eb6a0587a7c"},"temperature":99,"turbidity":6,"conductivity":10,"pH":5,"timestamp":"12/6/2015","__v":0},{"_id":{"$oid":"5664a1863f000eb6a0587a7d"},"temperature":99,"turbidity":7,"conductivity":1,"pH":7,"timestamp":"12/6/2015","__v":0},{"_id":{"$oid":"5664a1863f000eb6a0587a7e"},"temperature":73,"turbidity":3,"conductivity":4,"pH":6,"timestamp":"12/6/2015","__v":0},{"_id":{"$oid":"5664a1863f000eb6a0587a7f"},"temperature":2,"turbidity":5,"conductivity":4,"pH":8,"timestamp":"12/6/2015","__v":0},{"_id":{"$oid":"5664a1863f000eb6a0587a80"},"temperature":82,"turbidity":6,"conductivity":2,"pH":6,"timestamp":"12/6/2015","__v":0},{"_id":{"$oid":"5664a1863f000eb6a0587a81"},"temperature":11,"turbidity":3,"conductivity":1,"pH":7,"timestamp":"12/6/2015","__v":0},{"_id":{"$oid":"5664a1863f000eb6a0587a82"},"temperature":31,"turbidity":5,"conductivity":6,"pH":6,"timestamp":"12/6/2015","__v":0},{"_id":{"$oid":"5664a1863f000eb6a0587a83"},"temperature":85,"turbidity":4,"conductivity":7,"pH":8,"timestamp":"12/6/2015","__v":0},{"_id":{"$oid":"5664a1863f000eb6a0587a84"},"temperature":55,"turbidity":2,"conductivity":10,"pH":9,"timestamp":"12/6/2015","__v":0},{"_id":{"$oid":"5664a1863f000eb6a0587a85"},"temperature":95,"turbidity":1,"conductivity":10,"pH":4,"timestamp":"12/6/2015","__v":0},{"_id":{"$oid":"5664a1863f000eb6a0587a86"},"temperature":36,"turbidity":3,"conductivity":7,"pH":9,"timestamp":"12/6/2015","__v":0},{"_id":{"$oid":"5664a1863f000eb6a0587a87"},"temperature":47,"turbidity":5,"conductivity":7,"pH":5,"timestamp":"12/6/2015","__v":0},{"_id":{"$oid":"5664a1863f000eb6a0587a88"},"temperature":65,"turbidity":1,"conductivity":4,"pH":5,"timestamp":"12/6/2015","__v":0},{"_id":{"$oid":"5664a1863f000eb6a0587a89"},"temperature":40,"turbidity":7,"conductivity":8,"pH":6,"timestamp":"12/6/2015","__v":0},{"_id":{"$oid":"5664a1863f000eb6a0587a8a"},"temperature":79,"turbidity":3,"conductivity":8,"pH":4,"timestamp":"12/6/2015","__v":0},{"_id":{"$oid":"5664a18a3f000eb6a0587a8b"},"temperature":27,"turbidity":7,"conductivity":3,"pH":6,"timestamp":"12/6/2015","__v":0},{"_id":{"$oid":"5664a18a3f000eb6a0587a8c"},"temperature":88,"turbidity":2,"conductivity":5,"pH":8,"timestamp":"12/6/2015","__v":0},{"_id":{"$oid":"5664a18a3f000eb6a0587a8d"},"temperature":65,"turbidity":2,"conductivity":7,"pH":5,"timestamp":"12/6/2015","__v":0},{"_id":{"$oid":"5664a18a3f000eb6a0587a8e"},"temperature":28,"turbidity":2,"conductivity":5,"pH":5,"timestamp":"12/6/2015","__v":0},{"_id":{"$oid":"5664a18a3f000eb6a0587a8f"},"temperature":28,"turbidity":2,"conductivity":2,"pH":4,"timestamp":"12/6/2015","__v":0},{"_id":{"$oid":"5664a18a3f000eb6a0587a90"},"temperature":57,"turbidity":4,"conductivity":1,"pH":4,"timestamp":"12/6/2015","__v":0},{"_id":{"$oid":"5664a18a3f000eb6a0587a91"},"temperature":78,"turbidity":1,"conductivity":8,"pH":5,"timestamp":"12/6/2015","__v":0},{"_id":{"$oid":"5664a18a3f000eb6a0587a92"},"temperature":41,"turbidity":6,"conductivity":2,"pH":6,"timestamp":"12/6/2015","__v":0},{"_id":{"$oid":"5664a18a3f000eb6a0587a93"},"temperature":37,"turbidity":1,"conductivity":8,"pH":8,"timestamp":"12/6/2015","__v":0},{"_id":{"$oid":"5664a18a3f000eb6a0587a94"},"temperature":16,"turbidity":3,"conductivity":9,"pH":5,"timestamp":"12/6/2015","__v":0},{"_id":{"$oid":"5664a18a3f000eb6a0587a95"},"temperature":49,"turbidity":2,"conductivity":4,"pH":7,"timestamp":"12/6/2015","__v":0},{"_id":{"$oid":"5664a18a3f000eb6a0587a96"},"temperature":30,"turbidity":4,"conductivity":7,"pH":9,"timestamp":"12/6/2015","__v":0},{"_id":{"$oid":"5664a18a3f000eb6a0587a97"},"temperature":16,"turbidity":3,"conductivity":1,"pH":7,"timestamp":"12/6/2015","__v":0},{"_id":{"$oid":"5664a18a3f000eb6a0587a98"},"temperature":2,"turbidity":4,"conductivity":1,"pH":7,"timestamp":"12/6/2015","__v":0},{"_id":{"$oid":"5664a18a3f000eb6a0587a99"},"temperature":13,"turbidity":5,"conductivity":5,"pH":8,"timestamp":"12/6/2015","__v":0},{"_id":{"$oid":"5664a18a3f000eb6a0587a9a"},"temperature":52,"turbidity":3,"conductivity":7,"pH":5,"timestamp":"12/6/2015","__v":0},{"_id":{"$oid":"5664a18a3f000eb6a0587a9b"},"temperature":90,"turbidity":5,"conductivity":7,"pH":4,"timestamp":"12/6/2015","__v":0},{"_id":{"$oid":"5664a18a3f000eb6a0587a9c"},"temperature":42,"turbidity":3,"conductivity":7,"pH":9,"timestamp":"12/6/2015","__v":0},{"_id":{"$oid":"5664a18a3f000eb6a0587a9d"},"temperature":43,"turbidity":4,"conductivity":10,"pH":4,"timestamp":"12/6/2015","__v":0},{"_id":{"$oid":"5664a18a3f000eb6a0587a9e"},"temperature":9,"turbidity":1,"conductivity":2,"pH":5,"timestamp":"12/6/2015","__v":0},{"_id":{"$oid":"5664a18a3f000eb6a0587a9f"},"temperature":31,"turbidity":5,"conductivity":9,"pH":8,"timestamp":"12/6/2015","__v":0},{"_id":{"$oid":"5664a18a3f000eb6a0587aa0"},"temperature":44,"turbidity":3,"conductivity":3,"pH":6,"timestamp":"12/6/2015","__v":0},{"_id":{"$oid":"5664a18a3f000eb6a0587aa1"},"temperature":81,"turbidity":2,"conductivity":2,"pH":4,"timestamp":"12/6/2015","__v":0},{"_id":{"$oid":"5664a18a3f000eb6a0587aa2"},"temperature":27,"turbidity":2,"conductivity":10,"pH":5,"timestamp":"12/6/2015","__v":0},{"_id":{"$oid":"5664a18a3f000eb6a0587aa3"},"temperature":22,"turbidity":1,"conductivity":4,"pH":8,"timestamp":"12/6/2015","__v":0},{"_id":{"$oid":"5664a18a3f000eb6a0587aa4"},"temperature":62,"turbidity":2,"conductivity":4,"pH":8,"timestamp":"12/6/2015","__v":0},{"_id":{"$oid":"5664a18a3f000eb6a0587aa5"},"temperature":96,"turbidity":4,"conductivity":8,"pH":4,"timestamp":"12/6/2015","__v":0},{"_id":{"$oid":"5664a18a3f000eb6a0587aa6"},"temperature":51,"turbidity":6,"conductivity":4,"pH":9,"timestamp":"12/6/2015","__v":0},{"_id":{"$oid":"5664a18a3f000eb6a0587aa7"},"temperature":23,"turbidity":4,"conductivity":3,"pH":9,"timestamp":"12/6/2015","__v":0},{"_id":{"$oid":"5664a18a3f000eb6a0587aa8"},"temperature":26,"turbidity":4,"conductivity":10,"pH":9,"timestamp":"12/6/2015","__v":0},{"_id":{"$oid":"5664a18a3f000eb6a0587aa9"},"temperature":6,"turbidity":2,"conductivity":8,"pH":8,"timestamp":"12/6/2015","__v":0},{"_id":{"$oid":"5664a18a3f000eb6a0587aaa"},"temperature":11,"turbidity":4,"conductivity":1,"pH":7,"timestamp":"12/6/2015","__v":0},{"_id":{"$oid":"5664a18a3f000eb6a0587aab"},"temperature":50,"turbidity":5,"conductivity":1,"pH":4,"timestamp":"12/6/2015","__v":0},{"_id":{"$oid":"5664a18a3f000eb6a0587aac"},"temperature":26,"turbidity":5,"conductivity":10,"pH":4,"timestamp":"12/6/2015","__v":0},{"_id":{"$oid":"5664a18a3f000eb6a0587aad"},"temperature":97,"turbidity":5,"conductivity":1,"pH":8,"timestamp":"12/6/2015","__v":0},{"_id":{"$oid":"5664a18a3f000eb6a0587aae"},"temperature":28,"turbidity":3,"conductivity":7,"pH":8,"timestamp":"12/6/2015","__v":0},{"_id":{"$oid":"5664a18a3f000eb6a0587aaf"},"temperature":48,"turbidity":5,"conductivity":4,"pH":9,"timestamp":"12/6/2015","__v":0},{"_id":{"$oid":"5664a18a3f000eb6a0587ab0"},"temperature":40,"turbidity":2,"conductivity":2,"pH":9,"timestamp":"12/6/2015","__v":0},{"_id":{"$oid":"5664a18a3f000eb6a0587ab1"},"temperature":6,"turbidity":2,"conductivity":2,"pH":4,"timestamp":"12/6/2015","__v":0},{"_id":{"$oid":"5664a18a3f000eb6a0587ab2"},"temperature":50,"turbidity":1,"conductivity":2,"pH":5,"timestamp":"12/6/2015","__v":0},{"_id":{"$oid":"5664a18a3f000eb6a0587ab3"},"temperature":36,"turbidity":7,"conductivity":2,"pH":9,"timestamp":"12/6/2015","__v":0},{"_id":{"$oid":"5664a18a3f000eb6a0587ab4"},"temperature":58,"turbidity":6,"conductivity":4,"pH":5,"timestamp":"12/6/2015","__v":0},{"_id":{"$oid":"5664a18a3f000eb6a0587ab5"},"temperature":35,"turbidity":7,"conductivity":9,"pH":6,"timestamp":"12/6/2015","__v":0},{"_id":{"$oid":"5664a18a3f000eb6a0587ab6"},"temperature":97,"turbidity":6,"conductivity":8,"pH":6,"timestamp":"12/6/2015","__v":0},{"_id":{"$oid":"5664a18a3f000eb6a0587ab7"},"temperature":32,"turbidity":1,"conductivity":1,"pH":5,"timestamp":"12/6/2015","__v":0},{"_id":{"$oid":"5664a18a3f000eb6a0587ab8"},"temperature":74,"turbidity":6,"conductivity":4,"pH":5,"timestamp":"12/6/2015","__v":0},{"_id":{"$oid":"5664a18a3f000eb6a0587ab9"},"temperature":52,"turbidity":3,"conductivity":10,"pH":9,"timestamp":"12/6/2015","__v":0},{"_id":{"$oid":"5664a18a3f000eb6a0587aba"},"temperature":1,"turbidity":2,"conductivity":3,"pH":4,"timestamp":"12/6/2015","__v":0},{"_id":{"$oid":"5664a18a3f000eb6a0587abb"},"temperature":60,"turbidity":5,"conductivity":8,"pH":8,"timestamp":"12/6/2015","__v":0},{"_id":{"$oid":"5664a18a3f000eb6a0587abc"},"temperature":13,"turbidity":2,"conductivity":10,"pH":8,"timestamp":"12/6/2015","__v":0},{"_id":{"$oid":"5664a18a3f000eb6a0587abd"},"temperature":42,"turbidity":6,"conductivity":4,"pH":6,"timestamp":"12/6/2015","__v":0},{"_id":{"$oid":"5664a18a3f000eb6a0587abe"},"temperature":43,"turbidity":3,"conductivity":1,"pH":8,"timestamp":"12/6/2015","__v":0},{"_id":{"$oid":"5664a18a3f000eb6a0587abf"},"temperature":55,"turbidity":5,"conductivity":7,"pH":7,"timestamp":"12/6/2015","__v":0},{"_id":{"$oid":"5664a18a3f000eb6a0587ac0"},"temperature":66,"turbidity":2,"conductivity":8,"pH":7,"timestamp":"12/6/2015","__v":0},{"_id":{"$oid":"5664a18a3f000eb6a0587ac1"},"temperature":85,"turbidity":1,"conductivity":7,"pH":4,"timestamp":"12/6/2015","__v":0},{"_id":{"$oid":"5664a18a3f000eb6a0587ac2"},"temperature":94,"turbidity":5,"conductivity":8,"pH":6,"timestamp":"12/6/2015","__v":0},{"_id":{"$oid":"5664a18a3f000eb6a0587ac3"},"temperature":38,"turbidity":5,"conductivity":1,"pH":9,"timestamp":"12/6/2015","__v":0},{"_id":{"$oid":"5664a18a3f000eb6a0587ac4"},"temperature":56,"turbidity":7,"conductivity":7,"pH":5,"timestamp":"12/6/2015","__v":0},{"_id":{"$oid":"5664a18a3f000eb6a0587ac5"},"temperature":47,"turbidity":1,"conductivity":2,"pH":8,"timestamp":"12/6/2015","__v":0},{"_id":{"$oid":"5664a18a3f000eb6a0587ac6"},"temperature":53,"turbidity":3,"conductivity":9,"pH":8,"timestamp":"12/6/2015","__v":0},{"_id":{"$oid":"5664a18a3f000eb6a0587ac7"},"temperature":9,"turbidity":4,"conductivity":5,"pH":6,"timestamp":"12/6/2015","__v":0},{"_id":{"$oid":"5664a18a3f000eb6a0587ac8"},"temperature":39,"turbidity":7,"conductivity":2,"pH":9,"timestamp":"12/6/2015","__v":0},{"_id":{"$oid":"5664a18a3f000eb6a0587ac9"},"temperature":75,"turbidity":3,"conductivity":9,"pH":9,"timestamp":"12/6/2015","__v":0},{"_id":{"$oid":"5664a18a3f000eb6a0587aca"},"temperature":34,"turbidity":7,"conductivity":4,"pH":9,"timestamp":"12/6/2015","__v":0},{"_id":{"$oid":"5664a18a3f000eb6a0587acb"},"temperature":29,"turbidity":7,"conductivity":9,"pH":6,"timestamp":"12/6/2015","__v":0},{"_id":{"$oid":"5664a18a3f000eb6a0587acc"},"temperature":34,"turbidity":2,"conductivity":2,"pH":4,"timestamp":"12/6/2015","__v":0},{"_id":{"$oid":"5664a18a3f000eb6a0587acd"},"temperature":17,"turbidity":4,"conductivity":7,"pH":4,"timestamp":"12/6/2015","__v":0},{"_id":{"$oid":"5664a18a3f000eb6a0587ace"},"temperature":21,"turbidity":3,"conductivity":8,"pH":4,"timestamp":"12/6/2015","__v":0},{"_id":{"$oid":"5664a18a3f000eb6a0587acf"},"temperature":57,"turbidity":5,"conductivity":5,"pH":8,"timestamp":"12/6/2015","__v":0},{"_id":{"$oid":"5664a18a3f000eb6a0587ad0"},"temperature":6,"turbidity":7,"conductivity":10,"pH":7,"timestamp":"12/6/2015","__v":0},{"_id":{"$oid":"5664a18a3f000eb6a0587ad1"},"temperature":86,"turbidity":3,"conductivity":8,"pH":6,"timestamp":"12/6/2015","__v":0},{"_id":{"$oid":"5664a18a3f000eb6a0587ad2"},"temperature":74,"turbidity":4,"conductivity":6,"pH":4,"timestamp":"12/6/2015","__v":0},{"_id":{"$oid":"5664a18a3f000eb6a0587ad3"},"temperature":69,"turbidity":5,"conductivity":10,"pH":4,"timestamp":"12/6/2015","__v":0},{"_id":{"$oid":"5664a18a3f000eb6a0587ad4"},"temperature":15,"turbidity":1,"conductivity":2,"pH":6,"timestamp":"12/6/2015","__v":0},{"_id":{"$oid":"5664a18a3f000eb6a0587ad5"},"temperature":27,"turbidity":3,"conductivity":7,"pH":5,"timestamp":"12/6/2015","__v":0},{"_id":{"$oid":"5664a18a3f000eb6a0587ad6"},"temperature":96,"turbidity":2,"conductivity":5,"pH":7,"timestamp":"12/6/2015","__v":0},{"_id":{"$oid":"5664a18a3f000eb6a0587ad7"},"temperature":49,"turbidity":3,"conductivity":3,"pH":7,"timestamp":"12/6/2015","__v":0},{"_id":{"$oid":"5664a18a3f000eb6a0587ad8"},"temperature":13,"turbidity":6,"conductivity":6,"pH":6,"timestamp":"12/6/2015","__v":0},{"_id":{"$oid":"5664a18a3f000eb6a0587ad9"},"temperature":71,"turbidity":1,"conductivity":8,"pH":8,"timestamp":"12/6/2015","__v":0},{"_id":{"$oid":"5664a18a3f000eb6a0587ada"},"temperature":39,"turbidity":7,"conductivity":2,"pH":4,"timestamp":"12/6/2015","__v":0},{"_id":{"$oid":"5664a18a3f000eb6a0587adb"},"temperature":50,"turbidity":1,"conductivity":1,"pH":7,"timestamp":"12/6/2015","__v":0},{"_id":{"$oid":"5664a18a3f000eb6a0587adc"},"temperature":86,"turbidity":1,"conductivity":9,"pH":4,"timestamp":"12/6/2015","__v":0},{"_id":{"$oid":"5664a18a3f000eb6a0587add"},"temperature":16,"turbidity":3,"conductivity":5,"pH":5,"timestamp":"12/6/2015","__v":0},{"_id":{"$oid":"5664a18a3f000eb6a0587ade"},"temperature":66,"turbidity":6,"conductivity":8,"pH":7,"timestamp":"12/6/2015","__v":0},{"_id":{"$oid":"5664a18a3f000eb6a0587adf"},"temperature":88,"turbidity":5,"conductivity":1,"pH":6,"timestamp":"12/6/2015","__v":0},{"_id":{"$oid":"5664a18a3f000eb6a0587ae0"},"temperature":45,"turbidity":2,"conductivity":7,"pH":7,"timestamp":"12/6/2015","__v":0},{"_id":{"$oid":"5664a18a3f000eb6a0587ae1"},"temperature":60,"turbidity":4,"conductivity":5,"pH":7,"timestamp":"12/6/2015","__v":0},{"_id":{"$oid":"5664a18a3f000eb6a0587ae2"},"temperature":78,"turbidity":5,"conductivity":4,"pH":9,"timestamp":"12/6/2015","__v":0},{"_id":{"$oid":"5664a18a3f000eb6a0587ae3"},"temperature":10,"turbidity":3,"conductivity":3,"pH":4,"timestamp":"12/6/2015","__v":0},{"_id":{"$oid":"5664a18a3f000eb6a0587ae4"},"temperature":66,"turbidity":7,"conductivity":8,"pH":8,"timestamp":"12/6/2015","__v":0},{"_id":{"$oid":"5664a18a3f000eb6a0587ae5"},"temperature":82,"turbidity":6,"conductivity":7,"pH":5,"timestamp":"12/6/2015","__v":0},{"_id":{"$oid":"5664a18a3f000eb6a0587ae6"},"temperature":47,"turbidity":2,"conductivity":6,"pH":7,"timestamp":"12/6/2015","__v":0},{"_id":{"$oid":"5664a18a3f000eb6a0587ae7"},"temperature":40,"turbidity":5,"conductivity":10,"pH":7,"timestamp":"12/6/2015","__v":0},{"_id":{"$oid":"5664a18a3f000eb6a0587ae8"},"temperature":83,"turbidity":7,"conductivity":5,"pH":6,"timestamp":"12/6/2015","__v":0},{"_id":{"$oid":"5664a18a3f000eb6a0587ae9"},"temperature":10,"turbidity":5,"conductivity":4,"pH":9,"timestamp":"12/6/2015","__v":0},{"_id":{"$oid":"5664a18a3f000eb6a0587aea"},"temperature":23,"turbidity":1,"conductivity":4,"pH":7,"timestamp":"12/6/2015","__v":0},{"_id":{"$oid":"5664a18a3f000eb6a0587aeb"},"temperature":4,"turbidity":3,"conductivity":8,"pH":5,"timestamp":"12/6/2015","__v":0},{"_id":{"$oid":"5664a18a3f000eb6a0587aec"},"temperature":80,"turbidity":7,"conductivity":4,"pH":8,"timestamp":"12/6/2015","__v":0},{"_id":{"$oid":"5664a18a3f000eb6a0587aed"},"temperature":28,"turbidity":4,"conductivity":6,"pH":6,"timestamp":"12/6/2015","__v":0},{"_id":{"$oid":"5664a18a3f000eb6a0587aee"},"temperature":91,"turbidity":1,"conductivity":3,"pH":9,"timestamp":"12/6/2015","__v":0},{"_id":{"$oid":"5664a18a3f000eb6a0587aef"},"temperature":37,"turbidity":6,"conductivity":5,"pH":8,"timestamp":"12/6/2015","__v":0},{"_id":{"$oid":"5664a18a3f000eb6a0587af0"},"temperature":95,"turbidity":1,"conductivity":7,"pH":7,"timestamp":"12/6/2015","__v":0},{"_id":{"$oid":"5664a18a3f000eb6a0587af1"},"temperature":74,"turbidity":5,"conductivity":2,"pH":5,"timestamp":"12/6/2015","__v":0},{"_id":{"$oid":"5664a18a3f000eb6a0587af2"},"temperature":69,"turbidity":5,"conductivity":10,"pH":6,"timestamp":"12/6/2015","__v":0},{"_id":{"$oid":"5664a18a3f000eb6a0587af3"},"temperature":21,"turbidity":5,"conductivity":10,"pH":9,"timestamp":"12/6/2015","__v":0},{"_id":{"$oid":"5664a18a3f000eb6a0587af4"},"temperature":9,"turbidity":5,"conductivity":8,"pH":7,"timestamp":"12/6/2015","__v":0},{"_id":{"$oid":"5664a18a3f000eb6a0587af5"},"temperature":100,"turbidity":5,"conductivity":10,"pH":8,"timestamp":"12/6/2015","__v":0},{"_id":{"$oid":"5664a18a3f000eb6a0587af6"},"temperature":10,"turbidity":1,"conductivity":4,"pH":5,"timestamp":"12/6/2015","__v":0},{"_id":{"$oid":"5664a18a3f000eb6a0587af7"},"temperature":61,"turbidity":7,"conductivity":9,"pH":7,"timestamp":"12/6/2015","__v":0},{"_id":{"$oid":"5664a18a3f000eb6a0587af8"},"temperature":25,"turbidity":3,"conductivity":3,"pH":5,"timestamp":"12/6/2015","__v":0},{"_id":{"$oid":"5664a18a3f000eb6a0587af9"},"temperature":26,"turbidity":2,"conductivity":5,"pH":6,"timestamp":"12/6/2015","__v":0},{"_id":{"$oid":"5664a18a3f000eb6a0587afa"},"temperature":30,"turbidity":7,"conductivity":5,"pH":9,"timestamp":"12/6/2015","__v":0},{"_id":{"$oid":"5664a18a3f000eb6a0587afb"},"temperature":33,"turbidity":1,"conductivity":9,"pH":6,"timestamp":"12/6/2015","__v":0},{"_id":{"$oid":"5664a18a3f000eb6a0587afc"},"temperature":42,"turbidity":3,"conductivity":5,"pH":5,"timestamp":"12/6/2015","__v":0},{"_id":{"$oid":"5664a18a3f000eb6a0587afd"},"temperature":71,"turbidity":1,"conductivity":7,"pH":4,"timestamp":"12/6/2015","__v":0},{"_id":{"$oid":"5664a18a3f000eb6a0587afe"},"temperature":10,"turbidity":7,"conductivity":6,"pH":8,"timestamp":"12/6/2015","__v":0},{"_id":{"$oid":"5664a18a3f000eb6a0587aff"},"temperature":21,"turbidity":4,"conductivity":8,"pH":5,"timestamp":"12/6/2015","__v":0},{"_id":{"$oid":"5664a18a3f000eb6a0587b00"},"temperature":99,"turbidity":6,"conductivity":10,"pH":5,"timestamp":"12/6/2015","__v":0},{"_id":{"$oid":"5664a18a3f000eb6a0587b01"},"temperature":99,"turbidity":7,"conductivity":1,"pH":7,"timestamp":"12/6/2015","__v":0},{"_id":{"$oid":"5664a18a3f000eb6a0587b02"},"temperature":73,"turbidity":3,"conductivity":4,"pH":6,"timestamp":"12/6/2015","__v":0},{"_id":{"$oid":"5664a18a3f000eb6a0587b03"},"temperature":2,"turbidity":5,"conductivity":4,"pH":8,"timestamp":"12/6/2015","__v":0},{"_id":{"$oid":"5664a18a3f000eb6a0587b04"},"temperature":82,"turbidity":6,"conductivity":2,"pH":6,"timestamp":"12/6/2015","__v":0},{"_id":{"$oid":"5664a18a3f000eb6a0587b05"},"temperature":11,"turbidity":3,"conductivity":1,"pH":7,"timestamp":"12/6/2015","__v":0},{"_id":{"$oid":"5664a18a3f000eb6a0587b06"},"temperature":31,"turbidity":5,"conductivity":6,"pH":6,"timestamp":"12/6/2015","__v":0},{"_id":{"$oid":"5664a18a3f000eb6a0587b07"},"temperature":85,"turbidity":4,"conductivity":7,"pH":8,"timestamp":"12/6/2015","__v":0},{"_id":{"$oid":"5664a18a3f000eb6a0587b08"},"temperature":55,"turbidity":2,"conductivity":10,"pH":9,"timestamp":"12/6/2015","__v":0},{"_id":{"$oid":"5664a18a3f000eb6a0587b09"},"temperature":95,"turbidity":1,"conductivity":10,"pH":4,"timestamp":"12/6/2015","__v":0},{"_id":{"$oid":"5664a18a3f000eb6a0587b0a"},"temperature":36,"turbidity":3,"conductivity":7,"pH":9,"timestamp":"12/6/2015","__v":0},{"_id":{"$oid":"5664a18a3f000eb6a0587b0b"},"temperature":47,"turbidity":5,"conductivity":7,"pH":5,"timestamp":"12/6/2015","__v":0},{"_id":{"$oid":"5664a18a3f000eb6a0587b0c"},"temperature":65,"turbidity":1,"conductivity":4,"pH":5,"timestamp":"12/6/2015","__v":0},{"_id":{"$oid":"5664a18a3f000eb6a0587b0d"},"temperature":40,"turbidity":7,"conductivity":8,"pH":6,"timestamp":"12/6/2015","__v":0},{"_id":{"$oid":"5664a18a3f000eb6a0587b0e"},"temperature":79,"turbidity":3,"conductivity":8,"pH":4,"timestamp":"12/6/2015","__v":0},{"_id":{"$oid":"5664a18a3f000eb6a0587b0f"},"temperature":54,"turbidity":4,"conductivity":1,"pH":4,"timestamp":"12/6/2015","__v":0},{"_id":{"$oid":"5664a18a3f000eb6a0587b10"},"temperature":87,"turbidity":1,"conductivity":9,"pH":5,"timestamp":"12/6/2015","__v":0}]
